{
"lengthUnit": "mil",
"components": {
	"fields": ["COMPONENT_NO", "COMPONENT_NAME", "LAYER", "X_COORDINATE", "Y_COORDINATE", "ANGLE"],
	"rows": [
		[1, "C1", "T", 980, -450, 270],
		[2, "C2", "T", 905, -450, 180],
		[3, "C3", "T", 240, -570, 0],
		[4, "C4", "T", 165, -450, 90],
		[5, "D1", "T", 820, -485, 270],
		[6, "FPC1", "B", -16.75, 22.43, 45],
		[7, "FPC2", "B", 1038.03, 6.95, 315],
		[8, "FPC3", "B", 1014.15, -1043.59, 225],
		[9, "FPC4", "B", -39.1, -1026.45, 135],
		[10, "H1", "T", 105, -460, 90],
		[11, "L1", "T", 265, -435, 180],
		[12, "R1", "T", 210, -330, 180],
		[13, "R2", "T", 100, -330, 0],
		[14, "R4", "T", 785, -660, 0],
		[15, "R5", "T", 895, -660, 180],
		[16, "R7", "T", 640, -665, 180],
		[17, "R8", "T", 450, -330, 180],
		[18, "R9", "T", 340, -330, 0],
		[19, "R11", "T", 535, -665, 0],
		[20, "R13", "T", 710, -330, 180],
		[21, "R14", "T", 590, -330, 0],
		[22, "R16", "T", 285, -665, 0],
		[23, "R17", "T", 395, -665, 180],
		[24, "R19", "T", 890, -535, 270],
		[25, "R20", "T", 165, -665, 180],
		[26, "R21", "T", 930, -330, 180],
		[27, "R22", "T", 820, -330, 0],
		[28, "R24", "T", 60, -665, 0],
		[29, "R26", "T", 920, -605, 0],
		[30, "U1", "T", 153.3, -154.17, 0],
		[31, "U2", "T", 825, -835, 180],
		[32, "U3", "B", 470, -500, 270],
		[33, "U4", "T", 398.3, -158.85, 0],
		[34, "U5", "T", 585, -835, 180],
		[35, "U6", "T", 644.49, -159.43, 0],
		[36, "U7", "T", 340, -840, 180],
		[37, "U8", "T", 880, -160, 0],
		[38, "U9", "T", 105, -840, 180],
		[39, "U10", "T", 525, -490, 0],
		[40, "PAD1", "T", 40, -410, 0],
		[41, "PAD1", "B", 40, -410, 0],
		[42, "PAD2", "T", 40, -510, 0],
		[43, "PAD2", "B", 40, -510, 0],
		[44, "PAD3", "T", -75, -405, 0],
		[45, "PAD3", "B", -75, -405, 0],
		[46, "PAD4", "T", -75, -580, 0],
		[47, "PAD4", "B", -75, -580, 0]
	]
},
"pins": {
	"fields": ["PIN_NO", "PIN_NAME", "PIN_X", "PIN_Y", "LAYER", "PIN_TYPE", "NET_NAME", "NET_TYPE", "PAD_SHAPE", "PAD_SIZEX", "PAD_SIZEY", "HOLE_SIZE", "PAD_ANGLE"],
	"rows": [
		[1, "C1_1", 980, -390.94, "T", "DIP", "V40", "", "C", 62.99, 62.99, 39.37, 270],
		[2, "C1_1", 980, -390.94, "B", "DIP", "V40", "", "C", 62.99, 62.99, 39.37, 270],
		[3, "C1_2", 980, -509.06, "T", "DIP", "GND", "GND", "C", 62.99, 62.99, 39.37, 270],
		[4, "C1_2", 980, -509.06, "B", "DIP", "GND", "GND", "C", 62.99, 62.99, 39.37, 270],
		[5, "C2_1", 932.56, -450, "T", "SMD", "GND", "GND", "R", 31.5, 35.43, 0, 180],
		[6, "C2_2", 877.44, -450, "T", "SMD", "V40", "", "R", 31.5, 35.43, 0, 180],
		[7, "C3_1", 180.26, -570, "T", "SMD", "GND", "GND", "R", 64.37, 106.3, 0, 0],
		[8, "C3_2", 299.74, -570, "T", "SMD", "VBAT", "", "R", 64.37, 106.3, 0, 0],
		[9, "C4_1", 165, -477.56, "T", "SMD", "GND", "GND", "R", 31.5, 35.43, 0, 90],
		[10, "C4_2", 165, -422.44, "T", "SMD", "VBAT", "", "R", 31.5, 35.43, 0, 90],
		[11, "D1_1", 820, -398.39, "T", "SMD", "V40", "", "R", 62.99, 78.74, 0, 90],
		[12, "D1_2", 820, -571.61, "T", "SMD", "$1N1624", "", "R", 62.99, 78.74, 0, 90],
		[13, "FPC1_1", 52.84, 36.36, "T", "DIP", "OUT3", "", "R", 55.12, 55.12, 31.5, 45],
		[14, "FPC1_1", 52.84, 36.36, "B", "DIP", "OUT3", "", "R", 55.12, 55.12, 31.5, 45],
		[15, "FPC1_2", -30.67, 64.19, "T", "DIP", "OUT4", "", "C", 55.12, 55.12, 31.5, 45],
		[16, "FPC1_2", -30.67, 64.19, "B", "DIP", "OUT4", "", "C", 55.12, 55.12, 31.5, 45],
		[17, "FPC1_3", -2.83, -19.32, "T", "DIP", "OUT1", "", "C", 55.12, 55.12, 31.5, 45],
		[18, "FPC1_3", -2.83, -19.32, "B", "DIP", "OUT1", "", "C", 55.12, 55.12, 31.5, 45],
		[19, "FPC1_4", -86.35, 8.52, "T", "DIP", "OUT2", "", "C", 55.12, 55.12, 31.5, 45],
		[20, "FPC1_4", -86.35, 8.52, "B", "DIP", "OUT2", "", "C", 55.12, 55.12, 31.5, 45],
		[21, "FPC2_1", 1051.96, -62.64, "T", "DIP", "OUT7", "", "R", 55.12, 55.12, 31.5, 315],
		[22, "FPC2_1", 1051.96, -62.64, "B", "DIP", "OUT7", "", "R", 55.12, 55.12, 31.5, 315],
		[23, "FPC2_2", 1079.79, 20.87, "T", "DIP", "OUT8", "", "C", 55.12, 55.12, 31.5, 315],
		[24, "FPC2_2", 1079.79, 20.87, "B", "DIP", "OUT8", "", "C", 55.12, 55.12, 31.5, 315],
		[25, "FPC2_3", 996.28, -6.97, "T", "DIP", "OUT5", "", "C", 55.12, 55.12, 31.5, 315],
		[26, "FPC2_3", 996.28, -6.97, "B", "DIP", "OUT5", "", "C", 55.12, 55.12, 31.5, 315],
		[27, "FPC2_4", 1024.12, 76.54, "T", "DIP", "OUT6", "", "C", 55.12, 55.12, 31.5, 315],
		[28, "FPC2_4", 1024.12, 76.54, "B", "DIP", "OUT6", "", "C", 55.12, 55.12, 31.5, 315],
		[29, "FPC3_1", 944.55, -1057.52, "T", "DIP", "OUT11", "", "R", 55.12, 55.12, 31.5, 225],
		[30, "FPC3_1", 944.55, -1057.52, "B", "DIP", "OUT11", "", "R", 55.12, 55.12, 31.5, 225],
		[31, "FPC3_2", 1028.07, -1085.35, "T", "DIP", "OUT12", "", "C", 55.12, 55.12, 31.5, 225],
		[32, "FPC3_2", 1028.07, -1085.35, "B", "DIP", "OUT12", "", "C", 55.12, 55.12, 31.5, 225],
		[33, "FPC3_3", 1000.23, -1001.84, "T", "DIP", "OUT9", "", "C", 55.12, 55.12, 31.5, 225],
		[34, "FPC3_3", 1000.23, -1001.84, "B", "DIP", "OUT9", "", "C", 55.12, 55.12, 31.5, 225],
		[35, "FPC3_4", 1083.74, -1029.67, "T", "DIP", "OUT10", "", "C", 55.12, 55.12, 31.5, 225],
		[36, "FPC3_4", 1083.74, -1029.67, "B", "DIP", "OUT10", "", "C", 55.12, 55.12, 31.5, 225],
		[37, "FPC4_1", -53.02, -956.85, "T", "DIP", "OUT15", "", "R", 55.12, 55.12, 31.5, 135],
		[38, "FPC4_1", -53.02, -956.85, "B", "DIP", "OUT15", "", "R", 55.12, 55.12, 31.5, 135],
		[39, "FPC4_2", -80.86, -1040.37, "T", "DIP", "OUT16", "", "C", 55.12, 55.12, 31.5, 135],
		[40, "FPC4_2", -80.86, -1040.37, "B", "DIP", "OUT16", "", "C", 55.12, 55.12, 31.5, 135],
		[41, "FPC4_3", 2.66, -1012.53, "T", "DIP", "OUT13", "", "C", 55.12, 55.12, 31.5, 135],
		[42, "FPC4_3", 2.66, -1012.53, "B", "DIP", "OUT13", "", "C", 55.12, 55.12, 31.5, 135],
		[43, "FPC4_4", -25.18, -1096.04, "T", "DIP", "OUT14", "", "C", 55.12, 55.12, 31.5, 135],
		[44, "FPC4_4", -25.18, -1096.04, "B", "DIP", "OUT14", "", "C", 55.12, 55.12, 31.5, 135],
		[45, "H1_1", 105, -510, "T", "DIP", "GND", "GND", "C", 60, 60, 36, 90],
		[46, "H1_1", 105, -510, "B", "DIP", "GND", "GND", "C", 36, 36, 36, 90],
		[47, "H1_2", 105, -410, "T", "DIP", "VBAT", "", "C", 60, 60, 36, 90],
		[48, "H1_2", 105, -410, "B", "DIP", "VBAT", "", "C", 36, 36, 36, 90],
		[49, "L1_1", 308.31, -435, "T", "SMD", "$1N1624", "", "R", 47.24, 122.05, 0, 0],
		[50, "L1_2", 221.69, -435, "T", "SMD", "VBAT", "", "R", 47.24, 122.05, 0, 0],
		[51, "R1_1", 239.66, -330, "T", "SMD", "GND", "GND", "R", 31.75, 34.02, 0, 180],
		[52, "R1_2", 180.34, -330, "T", "SMD", "IN2", "", "R", 31.75, 34.02, 0, 180],
		[53, "R2_1", 70.34, -330, "T", "SMD", "GND", "GND", "R", 31.75, 34.02, 0, 0],
		[54, "R2_2", 129.66, -330, "T", "SMD", "IN1", "", "R", 31.75, 34.02, 0, 0],
		[55, "R4_1", 755.34, -660, "T", "SMD", "GND", "GND", "R", 31.75, 34.02, 0, 0],
		[56, "R4_2", 814.66, -660, "T", "SMD", "IN10", "", "R", 31.75, 34.02, 0, 0],
		[57, "R5_1", 924.66, -660, "T", "SMD", "GND", "GND", "R", 31.75, 34.02, 0, 180],
		[58, "R5_2", 865.34, -660, "T", "SMD", "IN9", "", "R", 31.75, 34.02, 0, 180],
		[59, "R7_1", 669.66, -665, "T", "SMD", "GND", "GND", "R", 31.75, 34.02, 0, 180],
		[60, "R7_2", 610.34, -665, "T", "SMD", "IN11", "", "R", 31.75, 34.02, 0, 180],
		[61, "R8_1", 479.66, -330, "T", "SMD", "GND", "GND", "R", 31.75, 34.02, 0, 180],
		[62, "R8_2", 420.34, -330, "T", "SMD", "IN4", "", "R", 31.75, 34.02, 0, 180],
		[63, "R9_1", 310.34, -330, "T", "SMD", "GND", "GND", "R", 31.75, 34.02, 0, 0],
		[64, "R9_2", 369.66, -330, "T", "SMD", "IN3", "", "R", 31.75, 34.02, 0, 0],
		[65, "R11_1", 505.34, -665, "T", "SMD", "GND", "GND", "R", 31.75, 34.02, 0, 0],
		[66, "R11_2", 564.66, -665, "T", "SMD", "IN12", "", "R", 31.75, 34.02, 0, 0],
		[67, "R13_1", 739.66, -330, "T", "SMD", "GND", "GND", "R", 31.75, 34.02, 0, 180],
		[68, "R13_2", 680.34, -330, "T", "SMD", "IN6", "", "R", 31.75, 34.02, 0, 180],
		[69, "R14_1", 560.34, -330, "T", "SMD", "GND", "GND", "R", 31.75, 34.02, 0, 0],
		[70, "R14_2", 619.66, -330, "T", "SMD", "IN5", "", "R", 31.75, 34.02, 0, 0],
		[71, "R16_1", 255.34, -665, "T", "SMD", "GND", "GND", "R", 31.75, 34.02, 0, 0],
		[72, "R16_2", 314.66, -665, "T", "SMD", "IN14", "", "R", 31.75, 34.02, 0, 0],
		[73, "R17_1", 424.66, -665, "T", "SMD", "GND", "GND", "R", 31.75, 34.02, 0, 180],
		[74, "R17_2", 365.34, -665, "T", "SMD", "IN13", "", "R", 31.75, 34.02, 0, 180],
		[75, "R19_1", 890, -505.34, "T", "SMD", "V40", "", "R", 31.75, 34.02, 0, 270],
		[76, "R19_2", 890, -564.66, "T", "SMD", "$1N1628", "", "R", 31.75, 34.02, 0, 270],
		[77, "R20_1", 194.66, -665, "T", "SMD", "GND", "GND", "R", 31.75, 34.02, 0, 180],
		[78, "R20_2", 135.34, -665, "T", "SMD", "IN15", "", "R", 31.75, 34.02, 0, 180],
		[79, "R21_1", 959.66, -330, "T", "SMD", "GND", "GND", "R", 31.75, 34.02, 0, 180],
		[80, "R21_2", 900.34, -330, "T", "SMD", "IN8", "", "R", 31.75, 34.02, 0, 180],
		[81, "R22_1", 790.34, -330, "T", "SMD", "GND", "GND", "R", 31.75, 34.02, 0, 0],
		[82, "R22_2", 849.66, -330, "T", "SMD", "IN7", "", "R", 31.75, 34.02, 0, 0],
		[83, "R24_1", 30.34, -665, "T", "SMD", "GND", "GND", "R", 31.75, 34.02, 0, 0],
		[84, "R24_2", 89.66, -665, "T", "SMD", "IN16", "", "R", 31.75, 34.02, 0, 0],
		[85, "R26_1", 890.34, -605, "T", "SMD", "$1N1628", "", "R", 31.75, 34.02, 0, 0],
		[86, "R26_2", 949.66, -605, "T", "SMD", "GND", "GND", "R", 31.75, 34.02, 0, 0],
		[87, "U1_1", 78.3, -259.78, "T", "SMD", "GND", "GND", "O", 24.8, 73.42, 0, 0],
		[88, "U1_2", 128.3, -259.78, "T", "SMD", "IN1", "", "O", 24.8, 73.42, 0, 0],
		[89, "U1_3", 178.3, -259.78, "T", "SMD", "IN2", "", "O", 24.8, 73.42, 0, 0],
		[90, "U1_4", 228.3, -259.78, "T", "SMD", "VDD33", "", "O", 24.8, 73.42, 0, 0],
		[91, "U1_5", 228.3, -48.56, "T", "SMD", "V40", "", "O", 24.8, 73.42, 0, 0],
		[92, "U1_6", 178.3, -48.56, "T", "SMD", "OUT2", "", "O", 24.8, 73.42, 0, 0],
		[93, "U1_7", 128.3, -48.56, "T", "SMD", "GND", "GND", "O", 24.8, 73.42, 0, 0],
		[94, "U1_8", 78.3, -48.56, "T", "SMD", "OUT1", "", "O", 24.8, 73.42, 0, 0],
		[95, "U1_9", 153.3, -154.17, "T", "SMD", "GND", "GND", "R", 129.92, 78.74, 0, 0],
		[96, "U2_1", 900, -729.39, "T", "SMD", "GND", "GND", "O", 24.8, 73.42, 0, 180],
		[97, "U2_2", 850, -729.39, "T", "SMD", "IN9", "", "O", 24.8, 73.42, 0, 180],
		[98, "U2_3", 800, -729.39, "T", "SMD", "IN10", "", "O", 24.8, 73.42, 0, 180],
		[99, "U2_4", 750, -729.39, "T", "SMD", "VDD33", "", "O", 24.8, 73.42, 0, 180],
		[100, "U2_5", 750, -940.61, "T", "SMD", "V40", "", "O", 24.8, 73.42, 0, 180],
		[101, "U2_6", 800, -940.61, "T", "SMD", "OUT10", "", "O", 24.8, 73.42, 0, 180],
		[102, "U2_7", 850, -940.61, "T", "SMD", "GND", "GND", "O", 24.8, 73.42, 0, 180],
		[103, "U2_8", 900, -940.61, "T", "SMD", "OUT9", "", "O", 24.8, 73.42, 0, 180],
		[104, "U2_9", 825, -835, "T", "SMD", "GND", "GND", "R", 129.92, 78.74, 0, 180],
		[105, "U3_1", 38.7, -145.67, "B", "SMD", "VBAT", "", "R", 78.74, 51.18, 0, 270],
		[106, "U3_2", 138.7, -145.67, "B", "SMD", "GND", "GND", "R", 78.74, 51.18, 0, 270],
		[107, "U3_3", 238.7, -145.67, "B", "SMD", "VDD33", "", "R", 78.74, 51.18, 0, 270],
		[108, "U3_4", 338.7, -145.67, "B", "SMD", "IN1", "", "R", 78.74, 51.18, 0, 270],
		[109, "U3_5", 438.7, -145.67, "B", "SMD", "IN2", "", "R", 78.74, 51.18, 0, 270],
		[110, "U3_6", 538.7, -145.67, "B", "SMD", "IN3", "", "R", 78.74, 51.18, 0, 270],
		[111, "U3_7", 638.7, -145.67, "B", "SMD", "IN4", "", "R", 78.74, 51.18, 0, 270],
		[112, "U3_8", 738.7, -145.67, "B", "SMD", "IN5", "", "R", 78.74, 51.18, 0, 270],
		[113, "U3_9", 838.7, -145.67, "B", "SMD", "IN6", "", "R", 78.74, 51.18, 0, 270],
		[114, "U3_10", 901.3, -300, "B", "SMD", "IN7", "", "R", 51.18, 78.74, 0, 270],
		[115, "U3_11", 901.3, -400, "B", "SMD", "IN8", "", "R", 51.18, 62.99, 0, 270],
		[116, "U3_12", 901.3, -500, "B", "SMD", "IN9", "", "R", 51.18, 62.99, 0, 270],
		[117, "U3_13", 901.3, -600, "B", "SMD", "IN10", "", "R", 51.18, 78.74, 0, 270],
		[118, "U3_14", 901.29, -700, "B", "SMD", "IN11", "", "R", 78.74, 51.18, 0, 0],
		[119, "U3_15", 838.7, -854.33, "B", "SMD", "IN12", "", "R", 78.74, 51.18, 0, 270],
		[120, "U3_16", 738.7, -854.33, "B", "SMD", "IN13", "", "R", 78.74, 51.18, 0, 270],
		[121, "U3_17", 638.7, -854.33, "B", "SMD", "IN14", "", "R", 78.74, 51.18, 0, 270],
		[122, "U3_18", 538.7, -854.33, "B", "SMD", "IN15", "", "R", 78.74, 51.18, 0, 270],
		[123, "U3_19", 438.7, -854.33, "B", "SMD", "IN16", "", "R", 78.74, 51.18, 0, 270],
		[124, "U4_1", 323.3, -264.46, "T", "SMD", "GND", "GND", "O", 24.8, 73.42, 0, 0],
		[125, "U4_2", 373.3, -264.46, "T", "SMD", "IN3", "", "O", 24.8, 73.42, 0, 0],
		[126, "U4_3", 423.3, -264.46, "T", "SMD", "IN4", "", "O", 24.8, 73.42, 0, 0],
		[127, "U4_4", 473.3, -264.46, "T", "SMD", "VDD33", "", "O", 24.8, 73.42, 0, 0],
		[128, "U4_5", 473.3, -53.24, "T", "SMD", "V40", "", "O", 24.8, 73.42, 0, 0],
		[129, "U4_6", 423.3, -53.24, "T", "SMD", "OUT4", "", "O", 24.8, 73.42, 0, 0],
		[130, "U4_7", 373.3, -53.24, "T", "SMD", "GND", "GND", "O", 24.8, 73.42, 0, 0],
		[131, "U4_8", 323.3, -53.24, "T", "SMD", "OUT3", "", "O", 24.8, 73.42, 0, 0],
		[132, "U4_9", 398.3, -158.85, "T", "SMD", "GND", "GND", "R", 129.92, 78.74, 0, 0],
		[133, "U5_1", 660, -729.39, "T", "SMD", "GND", "GND", "O", 24.8, 73.42, 0, 180],
		[134, "U5_2", 610, -729.39, "T", "SMD", "IN11", "", "O", 24.8, 73.42, 0, 180],
		[135, "U5_3", 560, -729.39, "T", "SMD", "IN12", "", "O", 24.8, 73.42, 0, 180],
		[136, "U5_4", 510, -729.39, "T", "SMD", "VDD33", "", "O", 24.8, 73.42, 0, 180],
		[137, "U5_5", 510, -940.61, "T", "SMD", "V40", "", "O", 24.8, 73.42, 0, 180],
		[138, "U5_6", 560, -940.61, "T", "SMD", "OUT12", "", "O", 24.8, 73.42, 0, 180],
		[139, "U5_7", 610, -940.61, "T", "SMD", "GND", "GND", "O", 24.8, 73.42, 0, 180],
		[140, "U5_8", 660, -940.61, "T", "SMD", "OUT11", "", "O", 24.8, 73.42, 0, 180],
		[141, "U5_9", 585, -835, "T", "SMD", "GND", "GND", "R", 129.92, 78.74, 0, 180],
		[142, "U6_1", 569.49, -265.04, "T", "SMD", "GND", "GND", "O", 24.8, 73.42, 0, 0],
		[143, "U6_2", 619.49, -265.04, "T", "SMD", "IN5", "", "O", 24.8, 73.42, 0, 0],
		[144, "U6_3", 669.49, -265.04, "T", "SMD", "IN6", "", "O", 24.8, 73.42, 0, 0],
		[145, "U6_4", 719.49, -265.04, "T", "SMD", "VDD33", "", "O", 24.8, 73.42, 0, 0],
		[146, "U6_5", 719.49, -53.82, "T", "SMD", "V40", "", "O", 24.8, 73.42, 0, 0],
		[147, "U6_6", 669.49, -53.82, "T", "SMD", "OUT6", "", "O", 24.8, 73.42, 0, 0],
		[148, "U6_7", 619.49, -53.82, "T", "SMD", "GND", "GND", "O", 24.8, 73.42, 0, 0],
		[149, "U6_8", 569.49, -53.82, "T", "SMD", "OUT5", "", "O", 24.8, 73.42, 0, 0],
		[150, "U6_9", 644.49, -159.43, "T", "SMD", "GND", "GND", "R", 129.92, 78.74, 0, 0],
		[151, "U7_1", 415, -734.39, "T", "SMD", "GND", "GND", "O", 24.8, 73.42, 0, 180],
		[152, "U7_2", 365, -734.39, "T", "SMD", "IN13", "", "O", 24.8, 73.42, 0, 180],
		[153, "U7_3", 315, -734.39, "T", "SMD", "IN14", "", "O", 24.8, 73.42, 0, 180],
		[154, "U7_4", 265, -734.39, "T", "SMD", "VDD33", "", "O", 24.8, 73.42, 0, 180],
		[155, "U7_5", 265, -945.61, "T", "SMD", "V40", "", "O", 24.8, 73.42, 0, 180],
		[156, "U7_6", 315, -945.61, "T", "SMD", "OUT14", "", "O", 24.8, 73.42, 0, 180],
		[157, "U7_7", 365, -945.61, "T", "SMD", "GND", "GND", "O", 24.8, 73.42, 0, 180],
		[158, "U7_8", 415, -945.61, "T", "SMD", "OUT13", "", "O", 24.8, 73.42, 0, 180],
		[159, "U7_9", 340, -840, "T", "SMD", "GND", "GND", "R", 129.92, 78.74, 0, 180],
		[160, "U8_1", 805, -265.61, "T", "SMD", "GND", "GND", "O", 24.8, 73.42, 0, 0],
		[161, "U8_2", 855, -265.61, "T", "SMD", "IN7", "", "O", 24.8, 73.42, 0, 0],
		[162, "U8_3", 905, -265.61, "T", "SMD", "IN8", "", "O", 24.8, 73.42, 0, 0],
		[163, "U8_4", 955, -265.61, "T", "SMD", "VDD33", "", "O", 24.8, 73.42, 0, 0],
		[164, "U8_5", 955, -54.39, "T", "SMD", "V40", "", "O", 24.8, 73.42, 0, 0],
		[165, "U8_6", 905, -54.39, "T", "SMD", "OUT8", "", "O", 24.8, 73.42, 0, 0],
		[166, "U8_7", 855, -54.39, "T", "SMD", "GND", "GND", "O", 24.8, 73.42, 0, 0],
		[167, "U8_8", 805, -54.39, "T", "SMD", "OUT7", "", "O", 24.8, 73.42, 0, 0],
		[168, "U8_9", 880, -160, "T", "SMD", "GND", "GND", "R", 129.92, 78.74, 0, 0],
		[169, "U9_1", 180, -734.39, "T", "SMD", "GND", "GND", "O", 24.8, 73.42, 0, 180],
		[170, "U9_2", 130, -734.39, "T", "SMD", "IN15", "", "O", 24.8, 73.42, 0, 180],
		[171, "U9_3", 80, -734.39, "T", "SMD", "IN16", "", "O", 24.8, 73.42, 0, 180],
		[172, "U9_4", 30, -734.39, "T", "SMD", "VDD33", "", "O", 24.8, 73.42, 0, 180],
		[173, "U9_5", 30, -945.61, "T", "SMD", "V40", "", "O", 24.8, 73.42, 0, 180],
		[174, "U9_6", 80, -945.61, "T", "SMD", "OUT16", "", "O", 24.8, 73.42, 0, 180],
		[175, "U9_7", 130, -945.61, "T", "SMD", "GND", "GND", "O", 24.8, 73.42, 0, 180],
		[176, "U9_8", 180, -945.61, "T", "SMD", "OUT15", "", "O", 24.8, 73.42, 0, 180],
		[177, "U9_9", 105, -840, "T", "SMD", "GND", "GND", "R", 129.92, 78.74, 0, 180],
		[178, "U10_1", 385.5, -390, "T", "SMD", "GND", "GND", "R", 32.5, 86.61, 0, 270],
		[179, "U10_2", 385.5, -440, "T", "SMD", "U10_2", "", "R", 32.5, 86.61, 0, 270],
		[180, "U10_3", 385.5, -490, "T", "SMD", "$1N1624", "", "R", 32.5, 86.61, 0, 270],
		[181, "U10_4", 385.5, -540, "T", "SMD", "VBAT", "", "R", 32.5, 86.61, 0, 270],
		[182, "U10_5", 385.5, -590, "T", "SMD", "$1N1628", "", "R", 32.5, 86.61, 0, 270],
		[183, "U10_6", 664.5, -490, "T", "SMD", "$1N1624", "", "R", 244.5, 196.85, 0, 270],
		[184, "PAD1_1", 40, -410, "T", "DIP", "VBAT", "", "C", 60, 60, 36, 0],
		[185, "PAD1_1", 40, -410, "B", "DIP", "VBAT", "", "C", 36, 36, 36, 0],
		[186, "PAD2_1", 40, -510, "T", "DIP", "GND", "GND", "C", 60, 60, 36, 0],
		[187, "PAD2_1", 40, -510, "B", "DIP", "GND", "GND", "C", 36, 36, 36, 0],
		[188, "PAD3_1", -75, -405, "T", "DIP", "VBAT", "", "C", 60, 60, 36, 0],
		[189, "PAD3_1", -75, -405, "B", "DIP", "VBAT", "", "C", 60, 60, 36, 0],
		[190, "PAD4_1", -75, -580, "T", "DIP", "GND", "GND", "C", 60, 60, 36, 0],
		[191, "PAD4_1", -75, -580, "B", "DIP", "GND", "GND", "C", 60, 60, 36, 0]
	]
}
}